carpeta,archivo,version,bytes,nombre,puntadas,saltos,saltos_pe,saltos_mov,trims,cambios_color,colores,ancho_mm,alto_mm,declarado_ancho_mm,declarado_alto_mm,trims_por_1000,saltos_por_1000,salto_mov_por_1000,largo_puntada_mm,largo_salto_mm,notas
referencias,CHUNCHO NUEVO 9 U DE CHILE.PES,#PES0001,76419,CHUNCHO NUEVO 9,12330,12,12,12,0,4,5,95.6,112.6,95.6,112.6,0.0,0.9732360097323601,0.9732360097323601,2.687226142763319,38.209480349796046,
referencias,COBRELOA.PES,#PES0001,28139,COBRELOA,4371,9,9,9,0,2,3,55.4,64.4,55.4,64.4,0.0,2.059025394646534,2.059025394646534,2.31263761302075,18.70310710684852,
referencias,COLO COLO NUEVO 3 ESTRELLAS.PES,#PES0050,61525,COLO COLO NUEVO 3 ESTRELLAS,9429,1,74,1,73,6,7,55.2,89.8,55.2,89.8,7.742072330045604,0.10605578534309047,0.10605578534309047,2.515623716397168,52.704553882942605,
referencias,FREE FIRE.pes,#PES0040,22052,FREE FIRE,3409,3,6,3,3,1,2,81.0,62.4,99.9,99.9,0.8800234672924612,0.8800234672924612,0.8800234672924612,1.7915858398180657,33.068299629656714,ancho declarado 99.9 != medido 81.0 | alto declarado 99.9 != medido 62.4
referencias,LOGO CHILE.PES,#PES0001,34054,LOGO CHILE,5253,8,8,8,0,5,6,72.4,57.7,72.4,57.7,0.0,1.5229392727964972,1.5229392727964972,1.9665577085472181,35.867741014658,
referencias,PROPAL.PES,#PES0050,15994,PROPAL,2403,1,9,1,8,0,1,83.2,21.2,83.2,21.2,3.329171868497711,0.4161464835622139,0.4161464835622139,2.354434117178809,42.929244111677534,
generadas,NeithLoom.pes,#PES0001,32507,Free_Fir,4641,363,544,182,181,6,7,116.2,28.3,116.2,28.3,39.00021547080371,78.21590174531352,39.21568627450981,1.5194349649260064,11.10606154109796,
generadas,NeithLoom_elefante.pes,#PES0001,59750,elefante,9473,97,145,49,48,5,6,122.1,108.7,122.1,108.7,5.067032619022485,10.239628417607939,5.172595798585453,2.5627103468176884,32.211611089173964,
generadas,NeithLoom_mcdonalds.pes,#PES0001,42914,McDonald,6803,44,65,23,21,3,4,70.9,71.0,70.9,71.0,3.086873438189034,6.467734822872262,3.380861384683228,2.3903470409549183,23.060367228877023,
